date_reponse,agence,canal_contact,anciennete_mois,note_nps,note_delai,note_conseil,recommande,commentaire
2024-10-25,Bouaké Centre,Boutique,32,6,4,3,Non,"Conseiller très clair"
2024-04-16,Bouaké Centre,Boutique,9,7,3,3,Peut-être,""
2024-05-28,Abidjan Plateau,Commercial,30,7,3,4,Peut-être,"Rien à signaler"
2024-01-23,San-Pédro Port,Commercial,72,8,3,4,Peut-être,""
2024-08-05,Bouaké Centre,Commercial,29,8,4,4,Peut-être,""
2024-02-12,Bouaké Centre,Commercial,68,10,5,5,Oui,"Attente trop longue"
2024-12-03,Bouaké Centre,Boutique,31,9,5,4,Oui,""
2024-08-26,Abidjan Plateau,Commercial,68,7,3,3,Peut-être,"Attente trop longue"
2024-07-28,Bouaké Centre,Commercial,54,8,3,4,Peut-être,"Rien à signaler"
2024-01-02,San-Pédro Port,Site web,68,5,2,2,Non,"Rien à signaler"
2024-11-04,Abidjan Plateau,Site web,48,6,3,4,Non,"Service rapide"
2024-07-16,San-Pédro Port,Site web,33,7,3,4,Peut-être,"Conseiller très clair"
2024-04-10,Bouaké Centre,Commercial,72,6,4,3,Non,"Rien à signaler"
2024-03-14,San-Pédro Port,Téléphone,27,7,4,3,Peut-être,"Conseiller très clair"
2024-09-10,San-Pédro Port,Boutique,51,7,4,4,Peut-être,"Prix corrects"
2024-02-02,Bouaké Centre,Commercial,23,5,3,3,Non,""
2024-10-31,Abidjan Plateau,Site web,26,5,2,3,Non,"Service rapide"
2024-01-02,Bouaké Centre,Site web,26,6,3,4,Non,"Prix corrects"
2024-07-04,San-Pédro Port,Téléphone,45,7,3,4,Peut-être,"Rien à signaler"
2024-02-06,San-Pédro Port,Commercial,36,6,3,3,Non,"Attente trop longue"
2024-03-16,San-Pédro Port,Boutique,51,6,2,4,Non,"Conseiller très clair"
2024-05-06,Abidjan Yopougon,Site web,32,7,4,3,Peut-être,"Produit indisponible"
2024-04-12,Bouaké Centre,Téléphone,65,9,5,4,Oui,"Service rapide"
2024-04-18,Abidjan Plateau,Site web,10,10,5,5,Oui,"Rien à signaler"
2024-08-19,Bouaké Centre,Commercial,7,9,4,5,Oui,"Produit indisponible"
2024-02-08,Abidjan Plateau,Commercial,35,5,2,2,Non,"Service rapide"
2024-04-08,Abidjan Plateau,Boutique,41,8,5,4,Peut-être,"Rien à signaler"
2024-04-26,Abidjan Yopougon,Commercial,50,6,2,2,Non,""
2024-03-07,Abidjan Yopougon,Site web,14,5,3,2,Non,""
2024-01-23,Abidjan Yopougon,Commercial,60,4,2,2,Non,"Conseiller très clair"
2024-07-18,San-Pédro Port,Commercial,51,9,4,5,Oui,"Produit indisponible"
2024-08-31,Abidjan Yopougon,Boutique,63,5,2,2,Non,"Prix corrects"
2024-08-18,Abidjan Plateau,Site web,23,8,5,4,Peut-être,""
2024-02-25,Abidjan Yopougon,Site web,13,6,2,2,Non,"Service rapide"
2024-06-04,Abidjan Plateau,Boutique,64,9,4,4,Oui,"Produit indisponible"
2024-08-16,Bouaké Centre,Commercial,6,8,4,4,Peut-être,""
2024-07-27,Abidjan Yopougon,Téléphone,29,6,2,4,Non,"Conseiller très clair"
2024-03-11,San-Pédro Port,Téléphone,28,8,4,4,Peut-être,"Conseiller très clair"
2024-02-15,Bouaké Centre,Boutique,17,6,3,2,Non,"Attente trop longue"
2024-12-02,Abidjan Yopougon,Commercial,54,7,3,4,Peut-être,"Rien à signaler"
2024-08-25,Abidjan Yopougon,Commercial,42,7,3,3,Peut-être,"Conseiller très clair"
2024-02-25,Bouaké Centre,Boutique,68,7,3,4,Peut-être,"Prix corrects"
2024-06-24,Abidjan Plateau,Site web,17,9,4,4,Oui,"Produit indisponible"
2024-10-18,Abidjan Plateau,Site web,11,8,3,4,Peut-être,"Attente trop longue"
2024-06-30,Bouaké Centre,Site web,19,5,2,3,Non,"Service rapide"
2024-02-09,Bouaké Centre,Commercial,15,7,4,3,Peut-être,""
2024-05-01,San-Pédro Port,Site web,4,10,5,5,Oui,"Rien à signaler"
2024-05-31,Abidjan Plateau,Téléphone,70,6,3,3,Non,"Service rapide"
2024-01-28,Abidjan Plateau,Boutique,38,7,4,4,Peut-être,"Attente trop longue"
2024-07-16,Abidjan Plateau,Téléphone,54,7,4,3,Peut-être,""
2024-07-30,Abidjan Plateau,Boutique,72,5,3,2,Non,""
2024-09-07,Abidjan Yopougon,Téléphone,67,7,3,4,Peut-être,""
2024-06-09,Abidjan Plateau,Site web,55,7,3,3,Peut-être,"Conseiller très clair"
2024-05-31,Bouaké Centre,Téléphone,9,8,5,4,Peut-être,"Service rapide"
2024-05-26,Bouaké Centre,Commercial,18,8,4,4,Peut-être,"Prix corrects"
2024-01-10,Abidjan Yopougon,Boutique,35,5,2,3,Non,""
2024-01-10,San-Pédro Port,Boutique,42,8,3,3,Peut-être,"Produit indisponible"
2024-01-29,Bouaké Centre,Boutique,67,7,4,3,Peut-être,"Rien à signaler"
2024-12-12,Abidjan Plateau,Commercial,7,8,4,4,Peut-être,"Service rapide"
2024-12-05,Abidjan Plateau,Site web,26,5,2,2,Non,"Produit indisponible"
2024-08-25,Abidjan Yopougon,Boutique,19,4,3,1,Non,"Rien à signaler"
2024-05-10,San-Pédro Port,Site web,10,6,4,4,Non,""
2024-10-18,Abidjan Yopougon,Boutique,52,5,3,2,Non,""
2024-06-13,Abidjan Plateau,Boutique,62,9,4,5,Oui,""
2024-02-01,San-Pédro Port,Téléphone,68,7,3,4,Peut-être,"Attente trop longue"
2024-05-23,Abidjan Yopougon,Téléphone,36,5,3,2,Non,"Produit indisponible"
2024-10-13,San-Pédro Port,Boutique,38,10,4,4,Oui,"Service rapide"
2024-04-14,Bouaké Centre,Boutique,20,8,5,4,Peut-être,"Service rapide"
2024-06-16,Abidjan Plateau,Téléphone,25,8,4,4,Peut-être,"Service rapide"
2024-11-29,Bouaké Centre,Téléphone,24,7,3,4,Peut-être,"Rien à signaler"
2024-05-15,San-Pédro Port,Téléphone,44,7,4,4,Peut-être,"Prix corrects"
2024-08-08,Abidjan Plateau,Commercial,38,7,4,4,Peut-être,"Service rapide"
2024-07-31,Bouaké Centre,Commercial,52,9,5,4,Oui,"Service rapide"
2024-03-20,San-Pédro Port,Commercial,57,6,3,2,Non,""
2024-09-20,San-Pédro Port,Commercial,67,10,4,5,Oui,""
2024-04-09,Abidjan Yopougon,Téléphone,46,3,2,1,Non,"Prix corrects"
2024-11-17,San-Pédro Port,Commercial,6,8,3,4,Peut-être,""
2024-09-18,Bouaké Centre,Boutique,45,8,5,5,Peut-être,""
2024-07-30,Abidjan Plateau,Commercial,64,9,5,5,Oui,"Produit indisponible"
2024-04-19,Abidjan Plateau,Commercial,22,6,2,4,Non,"Conseiller très clair"
2024-10-29,Bouaké Centre,Site web,48,5,2,3,Non,"Service rapide"
2024-04-28,Abidjan Plateau,Commercial,38,9,4,4,Oui,"Conseiller très clair"
2024-12-12,Abidjan Plateau,Téléphone,48,5,2,2,Non,"Attente trop longue"
2024-10-20,Bouaké Centre,Téléphone,65,8,4,3,Peut-être,"Produit indisponible"
2024-07-18,Bouaké Centre,Site web,11,6,2,3,Non,"Prix corrects"
2024-03-19,Abidjan Plateau,Site web,50,5,3,3,Non,"Attente trop longue"
2024-08-02,Abidjan Plateau,Téléphone,56,6,3,2,Non,""
2024-03-07,Abidjan Yopougon,Boutique,37,8,3,5,Peut-être,"Produit indisponible"
2024-07-21,San-Pédro Port,Boutique,28,6,2,4,Non,"Conseiller très clair"
2024-04-05,Bouaké Centre,Commercial,63,9,4,5,Oui,"Attente trop longue"
2024-11-05,San-Pédro Port,Site web,53,9,4,4,Oui,"Service rapide"
2024-05-19,Abidjan Plateau,Site web,15,7,4,4,Peut-être,""
2024-09-27,San-Pédro Port,Téléphone,55,9,5,4,Oui,""
2024-12-11,San-Pédro Port,Téléphone,21,8,3,4,Peut-être,"Rien à signaler"
2024-01-21,Abidjan Plateau,Commercial,68,6,3,3,Non,"Prix corrects"
2024-06-07,Abidjan Plateau,Téléphone,63,6,4,2,Non,"Produit indisponible"
2024-08-18,San-Pédro Port,Commercial,66,6,3,3,Non,"Service rapide"
2024-08-14,Abidjan Yopougon,Téléphone,33,6,3,3,Non,"Conseiller très clair"
2024-01-03,Abidjan Plateau,Téléphone,4,7,3,3,Peut-être,"Conseiller très clair"
2024-06-12,San-Pédro Port,Boutique,64,6,4,2,Non,""
2024-06-07,Bouaké Centre,Boutique,37,9,5,5,Oui,""
2024-12-13,Bouaké Centre,Boutique,59,10,4,5,Oui,""
2024-09-28,San-Pédro Port,Boutique,26,7,4,3,Peut-être,"Service rapide"
2024-01-28,Bouaké Centre,Site web,57,9,5,5,Oui,""
2024-02-03,Abidjan Plateau,Commercial,29,9,5,4,Oui,"Conseiller très clair"
2024-12-22,Bouaké Centre,Boutique,36,7,4,4,Peut-être,""
2024-01-31,Abidjan Yopougon,Site web,48,4,3,3,Non,"Prix corrects"
2024-06-25,Abidjan Yopougon,Boutique,40,3,1,1,Non,"Attente trop longue"
2024-06-29,San-Pédro Port,Boutique,1,8,3,4,Peut-être,""
2024-08-20,San-Pédro Port,Téléphone,2,7,3,4,Peut-être,"Prix corrects"
2024-07-26,Abidjan Plateau,Boutique,66,6,2,3,Non,"Rien à signaler"
2024-01-09,San-Pédro Port,Site web,30,7,3,4,Peut-être,"Service rapide"
2024-05-23,Bouaké Centre,Commercial,49,5,3,3,Non,""
2024-04-14,San-Pédro Port,Boutique,39,10,4,5,Oui,"Prix corrects"
2024-12-05,Bouaké Centre,Téléphone,50,7,4,4,Peut-être,"Attente trop longue"
2024-10-09,San-Pédro Port,Site web,37,6,3,3,Non,"Rien à signaler"
2024-03-09,Abidjan Yopougon,Téléphone,9,7,3,3,Peut-être,"Conseiller très clair"
2024-01-30,Abidjan Plateau,Téléphone,49,6,2,4,Non,"Attente trop longue"
2024-08-03,Abidjan Yopougon,Site web,2,5,2,3,Non,"Produit indisponible"
2024-03-18,San-Pédro Port,Site web,17,7,4,4,Peut-être,"Service rapide"
2024-09-02,Bouaké Centre,Commercial,15,9,4,5,Oui,"Prix corrects"
2024-01-21,San-Pédro Port,Téléphone,18,9,4,5,Oui,"Prix corrects"
2024-06-06,Bouaké Centre,Site web,10,5,2,3,Non,"Produit indisponible"
2024-11-28,San-Pédro Port,Boutique,53,7,4,3,Peut-être,"Conseiller très clair"
2024-11-30,Bouaké Centre,Boutique,18,7,3,3,Peut-être,""
2024-05-21,Abidjan Plateau,Commercial,22,9,4,4,Oui,"Rien à signaler"
2024-02-09,Abidjan Yopougon,Boutique,58,8,4,4,Peut-être,""
2024-10-16,Abidjan Yopougon,Commercial,66,4,1,2,Non,""
2024-07-30,Abidjan Plateau,Téléphone,40,8,3,4,Peut-être,"Prix corrects"
2024-07-03,San-Pédro Port,Site web,28,9,5,4,Oui,""
2024-01-24,Bouaké Centre,Boutique,46,7,4,4,Peut-être,"Attente trop longue"
2024-06-10,Abidjan Plateau,Site web,21,6,2,3,Non,"Conseiller très clair"
2024-01-17,Abidjan Plateau,Téléphone,5,9,5,5,Oui,"Rien à signaler"
2024-02-04,Abidjan Plateau,Téléphone,5,6,3,3,Non,"Attente trop longue"
2024-10-27,Bouaké Centre,Commercial,9,9,5,5,Oui,""
2024-04-11,San-Pédro Port,Téléphone,48,8,5,4,Peut-être,"Produit indisponible"
2024-03-17,Abidjan Yopougon,Commercial,23,6,4,2,Non,"Produit indisponible"
2024-12-22,San-Pédro Port,Téléphone,33,6,2,3,Non,"Conseiller très clair"
2024-03-15,Abidjan Plateau,Commercial,41,8,4,3,Peut-être,"Service rapide"
2024-08-01,Abidjan Plateau,Téléphone,31,9,4,5,Oui,""
2024-05-29,Abidjan Yopougon,Site web,44,7,3,4,Peut-être,"Service rapide"
2024-12-02,Bouaké Centre,Commercial,25,10,5,5,Oui,"Prix corrects"
2024-05-01,Abidjan Yopougon,Boutique,31,6,3,3,Non,"Conseiller très clair"
2024-02-09,Abidjan Plateau,Boutique,8,5,3,2,Non,"Service rapide"
2024-04-08,Abidjan Yopougon,Boutique,6,7,3,3,Peut-être,"Attente trop longue"
2024-01-20,Abidjan Yopougon,Téléphone,61,6,3,3,Non,"Attente trop longue"
2024-02-10,Abidjan Plateau,Téléphone,62,9,5,5,Oui,""
2024-08-09,Bouaké Centre,Commercial,25,5,2,3,Non,""
2024-03-04,Bouaké Centre,Site web,49,7,4,4,Peut-être,"Rien à signaler"
2024-06-03,Bouaké Centre,Site web,3,7,4,3,Peut-être,"Prix corrects"
2024-12-15,Abidjan Yopougon,Téléphone,26,6,3,2,Non,"Attente trop longue"
2024-02-01,Bouaké Centre,Boutique,65,7,3,3,Peut-être,"Service rapide"
2024-05-28,Abidjan Yopougon,Téléphone,48,4,1,1,Non,"Conseiller très clair"
2024-08-19,Bouaké Centre,Téléphone,29,6,3,4,Non,"Prix corrects"
2024-12-04,Abidjan Plateau,Boutique,21,5,2,3,Non,""
2024-06-09,Abidjan Plateau,Site web,13,9,4,5,Oui,"Produit indisponible"
2024-04-19,San-Pédro Port,Commercial,25,8,4,5,Peut-être,"Attente trop longue"
2024-10-07,Abidjan Plateau,Boutique,60,8,3,3,Peut-être,"Service rapide"
2024-08-13,Abidjan Plateau,Commercial,17,6,3,2,Non,"Rien à signaler"
2024-09-16,San-Pédro Port,Boutique,36,10,5,5,Oui,"Service rapide"
2024-05-02,San-Pédro Port,Site web,45,8,4,3,Peut-être,"Conseiller très clair"
2024-09-06,Abidjan Plateau,Boutique,6,6,3,2,Non,"Conseiller très clair"
2024-06-05,Abidjan Plateau,Téléphone,68,6,3,3,Non,"Attente trop longue"
2024-08-07,Abidjan Yopougon,Site web,63,3,2,2,Non,"Rien à signaler"
2024-08-21,Abidjan Plateau,Commercial,53,8,5,4,Peut-être,"Prix corrects"
2024-11-20,Abidjan Plateau,Boutique,22,6,4,3,Non,""
2024-09-16,San-Pédro Port,Boutique,54,5,2,2,Non,"Service rapide"
2024-11-01,Abidjan Plateau,Téléphone,66,6,2,3,Non,""
2024-10-04,San-Pédro Port,Téléphone,18,10,5,5,Oui,""
2024-12-17,Abidjan Plateau,Boutique,6,10,5,5,Oui,""
2024-01-06,Abidjan Plateau,Site web,24,6,3,2,Non,""
2024-06-20,Bouaké Centre,Commercial,37,9,5,5,Oui,""
2024-09-11,Abidjan Plateau,Site web,56,6,4,3,Non,"Rien à signaler"
2024-01-07,Abidjan Yopougon,Boutique,4,6,3,2,Non,"Prix corrects"
2024-11-06,Bouaké Centre,Téléphone,24,8,3,4,Peut-être,""
2024-12-05,Abidjan Yopougon,Boutique,39,5,2,3,Non,"Conseiller très clair"
2024-07-02,Bouaké Centre,Téléphone,33,7,3,3,Peut-être,""
2024-03-01,San-Pédro Port,Téléphone,18,7,3,4,Peut-être,""
2024-02-11,Abidjan Plateau,Boutique,19,8,4,4,Peut-être,"Attente trop longue"
2024-01-05,San-Pédro Port,Boutique,35,5,3,3,Non,"Produit indisponible"
2024-02-18,Abidjan Yopougon,Boutique,67,7,4,3,Peut-être,""
2024-04-18,San-Pédro Port,Commercial,46,6,2,4,Non,"Attente trop longue"
2024-09-26,San-Pédro Port,Téléphone,39,5,3,3,Non,"Service rapide"
2024-04-25,San-Pédro Port,Téléphone,48,5,2,2,Non,"Produit indisponible"
2024-03-01,Bouaké Centre,Boutique,6,5,3,3,Non,"Attente trop longue"
2024-08-07,Bouaké Centre,Téléphone,46,9,4,4,Oui,""
2024-06-16,Abidjan Yopougon,Boutique,20,5,2,3,Non,""
2024-04-01,San-Pédro Port,Commercial,50,8,3,3,Peut-être,"Conseiller très clair"
2024-04-22,Bouaké Centre,Site web,18,6,4,3,Non,"Prix corrects"
2024-10-13,Abidjan Yopougon,Site web,6,7,4,3,Peut-être,"Produit indisponible"
2024-11-01,San-Pédro Port,Téléphone,14,6,3,3,Non,"Attente trop longue"
2024-12-15,Abidjan Plateau,Commercial,9,7,4,3,Peut-être,"Prix corrects"
2024-08-09,San-Pédro Port,Site web,52,7,3,3,Peut-être,"Service rapide"
2024-02-24,Bouaké Centre,Site web,52,5,2,3,Non,"Produit indisponible"
2024-08-30,San-Pédro Port,Téléphone,25,6,3,3,Non,"Prix corrects"
2024-06-27,San-Pédro Port,Boutique,12,9,4,4,Oui,"Conseiller très clair"
2024-01-17,Bouaké Centre,Téléphone,18,8,4,4,Peut-être,"Prix corrects"
2024-03-21,Bouaké Centre,Boutique,22,9,5,5,Oui,""
2024-12-10,San-Pédro Port,Boutique,68,9,4,4,Oui,""
2024-05-24,Bouaké Centre,Commercial,64,5,2,3,Non,""
2024-06-15,Abidjan Plateau,Site web,37,8,4,4,Peut-être,"Produit indisponible"
2024-07-03,San-Pédro Port,Téléphone,48,6,3,2,Non,""
2024-10-23,San-Pédro Port,Commercial,31,10,5,5,Oui,"Conseiller très clair"
2024-08-20,Abidjan Yopougon,Boutique,29,6,3,3,Non,""
2024-05-05,San-Pédro Port,Boutique,45,7,3,4,Peut-être,"Rien à signaler"
2024-03-06,Abidjan Plateau,Téléphone,30,7,4,4,Peut-être,"Prix corrects"
2024-04-30,Bouaké Centre,Téléphone,36,6,4,4,Non,"Service rapide"
2024-01-05,Abidjan Yopougon,Boutique,31,6,4,3,Non,"Conseiller très clair"
2024-11-21,San-Pédro Port,Boutique,69,10,5,4,Oui,"Service rapide"
2024-09-15,Abidjan Plateau,Boutique,18,8,4,4,Peut-être,"Prix corrects"
2024-09-03,Abidjan Yopougon,Téléphone,53,3,1,1,Non,"Service rapide"
2024-10-07,San-Pédro Port,Téléphone,70,6,4,2,Non,"Prix corrects"
2024-08-11,Abidjan Yopougon,Boutique,70,3,2,1,Non,"Attente trop longue"
2024-06-19,San-Pédro Port,Boutique,37,9,5,5,Oui,"Rien à signaler"
2024-01-31,San-Pédro Port,Boutique,18,9,4,4,Oui,"Rien à signaler"
2024-05-30,Abidjan Plateau,Site web,2,6,3,2,Non,"Prix corrects"
2024-02-01,Abidjan Yopougon,Site web,65,5,2,3,Non,"Service rapide"
2024-02-23,San-Pédro Port,Commercial,62,8,4,3,Peut-être,"Conseiller très clair"
2024-09-23,Bouaké Centre,Téléphone,30,6,4,4,Non,"Produit indisponible"
2024-05-06,Bouaké Centre,Site web,1,6,3,4,Non,"Conseiller très clair"
2024-07-08,Abidjan Plateau,Site web,69,7,4,3,Peut-être,"Service rapide"
2024-08-02,Abidjan Yopougon,Site web,16,5,3,2,Non,"Prix corrects"
2024-04-30,San-Pédro Port,Site web,3,6,3,2,Non,""
2024-04-06,Abidjan Plateau,Commercial,62,8,4,4,Peut-être,""
2024-01-11,San-Pédro Port,Téléphone,55,8,4,5,Peut-être,"Attente trop longue"
2024-05-04,Abidjan Yopougon,Boutique,12,7,4,4,Peut-être,"Service rapide"
2024-08-04,Abidjan Plateau,Téléphone,18,10,5,5,Oui,"Conseiller très clair"
2024-05-28,Bouaké Centre,Site web,2,8,5,3,Peut-être,"Attente trop longue"
2024-08-30,Abidjan Yopougon,Téléphone,57,6,4,4,Non,"Service rapide"
2024-02-28,Abidjan Yopougon,Téléphone,12,7,4,3,Peut-être,"Rien à signaler"
2024-05-05,Bouaké Centre,Téléphone,51,9,4,4,Oui,"Conseiller très clair"
2024-06-22,San-Pédro Port,Commercial,9,9,4,5,Oui,""
2024-01-24,Abidjan Yopougon,Boutique,6,4,3,2,Non,"Conseiller très clair"
2024-12-07,Abidjan Plateau,Commercial,4,6,4,4,Non,""
2024-12-21,Bouaké Centre,Téléphone,72,6,3,3,Non,"Prix corrects"
2024-02-17,Bouaké Centre,Boutique,61,7,4,4,Peut-être,""
2024-07-23,Abidjan Yopougon,Site web,39,4,2,2,Non,"Attente trop longue"
2024-04-25,Bouaké Centre,Boutique,16,6,4,3,Non,"Service rapide"
2024-07-25,Abidjan Plateau,Boutique,23,6,3,3,Non,"Rien à signaler"
2024-02-22,Abidjan Plateau,Téléphone,21,6,2,2,Non,"Service rapide"
2024-08-01,Abidjan Yopougon,Téléphone,59,6,3,4,Non,"Service rapide"
2024-03-16,Bouaké Centre,Commercial,29,5,2,3,Non,""
2024-10-12,Bouaké Centre,Site web,35,8,4,4,Peut-être,"Attente trop longue"
2024-11-06,Abidjan Plateau,Boutique,10,8,3,5,Peut-être,"Produit indisponible"
2024-09-08,San-Pédro Port,Site web,53,6,4,3,Non,"Produit indisponible"
2024-05-17,Bouaké Centre,Boutique,35,5,3,3,Non,"Rien à signaler"
2024-11-08,Abidjan Plateau,Boutique,23,7,4,4,Peut-être,"Attente trop longue"
2024-09-04,Bouaké Centre,Téléphone,32,7,4,4,Peut-être,"Rien à signaler"
2024-02-09,Abidjan Yopougon,Site web,61,7,3,3,Peut-être,"Rien à signaler"
2024-09-19,Bouaké Centre,Téléphone,45,7,4,3,Peut-être,""
2024-12-04,Abidjan Yopougon,Commercial,33,5,2,3,Non,"Rien à signaler"
2024-08-03,Abidjan Plateau,Téléphone,37,7,4,4,Peut-être,"Rien à signaler"
2024-02-13,Abidjan Plateau,Commercial,21,7,4,3,Peut-être,"Rien à signaler"
2024-09-29,Abidjan Yopougon,Téléphone,44,5,2,3,Non,""
2024-04-19,Bouaké Centre,Boutique,4,8,4,4,Peut-être,"Conseiller très clair"
2024-07-02,San-Pédro Port,Boutique,18,9,5,4,Oui,"Produit indisponible"
2024-02-09,Bouaké Centre,Commercial,58,9,5,4,Oui,"Produit indisponible"
2024-10-07,Abidjan Plateau,Commercial,4,10,5,5,Oui,"Attente trop longue"
2024-08-08,Abidjan Plateau,Boutique,52,7,4,4,Peut-être,"Attente trop longue"
2024-07-28,Bouaké Centre,Site web,48,8,4,4,Peut-être,""
2024-01-29,Bouaké Centre,Téléphone,69,7,3,3,Peut-être,""
2024-09-30,Abidjan Yopougon,Boutique,43,5,2,2,Non,""
2024-04-03,San-Pédro Port,Commercial,7,7,3,4,Peut-être,"Prix corrects"
2024-12-10,Abidjan Yopougon,Site web,30,5,3,2,Non,""
2024-05-31,Abidjan Plateau,Boutique,19,7,3,3,Peut-être,"Rien à signaler"
2024-12-05,Abidjan Plateau,Commercial,14,7,4,4,Peut-être,""
2024-06-03,Bouaké Centre,Commercial,56,10,5,5,Oui,"Prix corrects"
2024-07-01,San-Pédro Port,Commercial,27,8,4,4,Peut-être,""
2024-01-16,Abidjan Yopougon,Boutique,16,5,2,3,Non,""
2024-06-09,Abidjan Plateau,Téléphone,35,9,5,5,Oui,"Service rapide"
2024-07-02,Bouaké Centre,Téléphone,59,6,3,3,Non,""
2024-08-19,San-Pédro Port,Site web,58,7,3,4,Peut-être,""
2024-09-27,San-Pédro Port,Site web,52,8,5,4,Peut-être,"Rien à signaler"
2024-12-29,Abidjan Yopougon,Commercial,12,3,2,2,Non,"Attente trop longue"
2024-12-26,Bouaké Centre,Site web,41,8,3,5,Peut-être,"Produit indisponible"
2024-07-07,San-Pédro Port,Site web,4,8,5,4,Peut-être,"Produit indisponible"
2024-09-02,San-Pédro Port,Téléphone,68,8,5,3,Peut-être,"Service rapide"
2024-09-04,Bouaké Centre,Boutique,38,7,3,4,Peut-être,""
2024-07-30,Abidjan Yopougon,Téléphone,42,7,3,3,Peut-être,""
2024-05-18,Bouaké Centre,Boutique,63,7,3,3,Peut-être,""
2024-11-11,Abidjan Plateau,Boutique,66,6,3,3,Non,"Prix corrects"
2024-12-25,Abidjan Yopougon,Boutique,55,8,4,5,Peut-être,"Rien à signaler"
2024-05-03,Abidjan Plateau,Site web,4,9,4,4,Oui,"Rien à signaler"
2024-06-30,Abidjan Plateau,Commercial,40,6,4,3,Non,""
2024-07-30,Abidjan Yopougon,Téléphone,38,6,4,2,Non,""
2024-04-06,San-Pédro Port,Site web,41,5,3,2,Non,"Service rapide"
2024-05-04,Bouaké Centre,Téléphone,63,10,5,5,Oui,""
2024-09-30,San-Pédro Port,Téléphone,52,6,3,3,Non,"Conseiller très clair"
2024-08-03,San-Pédro Port,Site web,1,5,2,2,Non,"Conseiller très clair"
2024-06-04,Abidjan Yopougon,Site web,4,5,3,3,Non,""
2024-04-19,San-Pédro Port,Site web,39,8,4,4,Peut-être,"Attente trop longue"
2024-06-01,Bouaké Centre,Commercial,47,6,3,3,Non,""
2024-12-04,San-Pédro Port,Boutique,34,6,2,3,Non,"Service rapide"
2024-04-10,Abidjan Plateau,Téléphone,22,7,4,3,Peut-être,"Conseiller très clair"
2024-07-02,Bouaké Centre,Téléphone,17,8,5,4,Peut-être,""
2024-11-09,Abidjan Yopougon,Commercial,6,6,4,3,Non,""
2024-11-14,Bouaké Centre,Commercial,28,9,5,4,Oui,""
2024-08-14,San-Pédro Port,Site web,60,8,4,4,Peut-être,""
2024-05-31,San-Pédro Port,Téléphone,26,9,4,4,Oui,""
2024-02-15,Abidjan Plateau,Téléphone,51,5,2,2,Non,"Rien à signaler"
2024-04-11,Bouaké Centre,Boutique,58,7,3,4,Peut-être,"Service rapide"
2024-11-04,Abidjan Yopougon,Boutique,49,6,3,2,Non,"Conseiller très clair"
2024-09-25,San-Pédro Port,Boutique,52,9,4,4,Oui,"Produit indisponible"
2024-11-11,Abidjan Yopougon,Boutique,49,6,4,2,Non,"Service rapide"
2024-02-11,Abidjan Plateau,Site web,57,7,3,4,Peut-être,""
2024-08-18,San-Pédro Port,Téléphone,16,9,5,5,Oui,""
2024-02-25,Abidjan Plateau,Site web,61,5,2,2,Non,""
2024-12-30,Abidjan Plateau,Boutique,12,5,3,2,Non,""
2024-11-14,Abidjan Plateau,Site web,39,5,2,3,Non,"Conseiller très clair"
2024-04-15,San-Pédro Port,Commercial,16,10,5,5,Oui,"Attente trop longue"
2024-05-17,Bouaké Centre,Téléphone,44,6,3,4,Non,"Attente trop longue"
2024-06-19,Abidjan Plateau,Site web,46,10,4,5,Oui,"Produit indisponible"
2024-01-07,San-Pédro Port,Commercial,59,5,2,3,Non,"Prix corrects"
2024-11-04,Abidjan Yopougon,Téléphone,32,4,3,2,Non,""
2024-10-26,Abidjan Plateau,Téléphone,67,6,2,2,Non,"Attente trop longue"
2024-09-16,Bouaké Centre,Boutique,46,9,4,4,Oui,""
2024-04-15,Abidjan Plateau,Commercial,8,6,4,3,Non,"Attente trop longue"
2024-05-08,Abidjan Yopougon,Site web,54,6,2,3,Non,""
2024-05-06,Abidjan Plateau,Boutique,65,8,5,4,Peut-être,"Service rapide"
2024-03-19,Abidjan Yopougon,Boutique,44,5,2,3,Non,"Attente trop longue"
2024-09-12,Abidjan Yopougon,Téléphone,6,6,2,2,Non,"Rien à signaler"
2024-01-20,Bouaké Centre,Commercial,72,9,5,5,Oui,"Attente trop longue"
2024-10-26,Bouaké Centre,Commercial,64,7,4,4,Peut-être,"Conseiller très clair"
2024-11-26,Bouaké Centre,Commercial,70,6,3,2,Non,"Conseiller très clair"
2024-12-17,Bouaké Centre,Téléphone,60,6,3,4,Non,"Conseiller très clair"
2024-08-22,Abidjan Yopougon,Téléphone,32,4,2,2,Non,""
2024-07-14,Abidjan Plateau,Téléphone,10,10,5,5,Oui,"Service rapide"
2024-09-28,San-Pédro Port,Site web,20,9,4,5,Oui,""
2024-02-12,San-Pédro Port,Site web,48,9,4,4,Oui,"Conseiller très clair"
2024-01-15,Bouaké Centre,Commercial,47,8,4,4,Peut-être,"Attente trop longue"
2024-02-16,Abidjan Plateau,Site web,34,7,4,4,Peut-être,"Service rapide"
2024-06-02,Abidjan Yopougon,Commercial,17,7,3,3,Peut-être,"Produit indisponible"
2024-07-07,Bouaké Centre,Boutique,1,5,2,2,Non,"Conseiller très clair"
2024-06-10,San-Pédro Port,Téléphone,64,7,4,4,Peut-être,"Attente trop longue"
2024-09-15,Abidjan Plateau,Site web,55,9,4,5,Oui,"Service rapide"
2024-11-07,Abidjan Plateau,Commercial,47,5,2,2,Non,"Conseiller très clair"
2024-06-08,San-Pédro Port,Téléphone,15,10,4,4,Oui,""
2024-12-05,San-Pédro Port,Téléphone,30,7,4,3,Peut-être,"Produit indisponible"
2024-12-07,Bouaké Centre,Commercial,65,10,5,4,Oui,"Attente trop longue"
2024-12-26,San-Pédro Port,Téléphone,37,7,3,4,Peut-être,"Rien à signaler"
2024-10-27,Abidjan Plateau,Téléphone,8,5,3,2,Non,""
2024-03-11,Abidjan Plateau,Site web,42,8,4,3,Peut-être,"Produit indisponible"
2024-07-02,San-Pédro Port,Boutique,29,7,4,3,Peut-être,"Prix corrects"
2024-12-02,Abidjan Plateau,Site web,53,6,3,3,Non,"Produit indisponible"
2024-09-05,Bouaké Centre,Boutique,60,9,5,5,Oui,""
2024-10-03,Abidjan Yopougon,Commercial,2,5,2,3,Non,"Prix corrects"
2024-08-02,Abidjan Yopougon,Site web,51,5,2,3,Non,"Prix corrects"
2024-12-04,Abidjan Yopougon,Site web,58,3,2,2,Non,"Attente trop longue"
2024-12-29,Abidjan Plateau,Boutique,33,7,3,4,Peut-être,""
2024-08-24,Abidjan Plateau,Boutique,68,6,2,4,Non,""
2024-05-12,Abidjan Plateau,Boutique,52,6,3,3,Non,"Rien à signaler"
2024-11-24,Abidjan Plateau,Téléphone,2,9,4,4,Oui,"Prix corrects"
2024-12-15,San-Pédro Port,Site web,35,8,5,5,Peut-être,""
2024-04-17,San-Pédro Port,Boutique,21,10,5,4,Oui,"Attente trop longue"
2024-05-10,Abidjan Plateau,Site web,57,10,5,4,Oui,"Attente trop longue"
2024-07-04,Bouaké Centre,Téléphone,1,6,4,4,Non,"Rien à signaler"
2024-05-19,Bouaké Centre,Téléphone,38,6,3,3,Non,"Conseiller très clair"
2024-07-21,Abidjan Plateau,Téléphone,3,6,2,3,Non,""
2024-05-09,Abidjan Yopougon,Commercial,34,3,2,1,Non,"Produit indisponible"
2024-08-25,Abidjan Yopougon,Boutique,4,6,3,3,Non,"Prix corrects"
2024-08-27,San-Pédro Port,Téléphone,19,10,5,5,Oui,""
2024-02-13,Abidjan Yopougon,Commercial,14,4,1,3,Non,"Prix corrects"
2024-05-26,Bouaké Centre,Site web,5,10,5,5,Oui,""
2024-07-13,Bouaké Centre,Commercial,41,10,5,5,Oui,"Produit indisponible"
2024-12-08,Abidjan Plateau,Site web,54,9,5,4,Oui,"Produit indisponible"
2024-06-05,San-Pédro Port,Boutique,65,7,4,3,Peut-être,"Produit indisponible"
2024-12-04,San-Pédro Port,Commercial,61,9,4,5,Oui,"Prix corrects"
2024-08-09,Abidjan Yopougon,Boutique,2,7,4,4,Peut-être,"Conseiller très clair"
2024-11-20,Abidjan Plateau,Téléphone,46,10,5,4,Oui,""
2024-09-27,Abidjan Plateau,Commercial,60,9,5,5,Oui,""
2024-09-29,Abidjan Plateau,Site web,9,7,4,3,Peut-être,"Produit indisponible"
2024-09-08,Abidjan Yopougon,Boutique,16,6,3,2,Non,"Conseiller très clair"
2024-05-26,Abidjan Yopougon,Commercial,53,6,4,3,Non,"Prix corrects"
2024-02-03,Bouaké Centre,Téléphone,53,10,5,4,Oui,""
2024-06-25,San-Pédro Port,Téléphone,24,5,2,2,Non,"Rien à signaler"
2024-09-17,San-Pédro Port,Site web,1,8,4,4,Peut-être,"Attente trop longue"
2024-01-15,Abidjan Yopougon,Téléphone,69,6,2,2,Non,"Produit indisponible"
2024-07-26,Bouaké Centre,Commercial,19,8,5,4,Peut-être,"Service rapide"
2024-09-14,Abidjan Plateau,Site web,51,6,3,2,Non,"Rien à signaler"
2024-07-08,Abidjan Yopougon,Téléphone,72,4,2,1,Non,"Produit indisponible"
2024-02-14,Abidjan Yopougon,Site web,38,4,1,2,Non,""
2024-11-03,Abidjan Plateau,Commercial,16,8,5,3,Peut-être,"Produit indisponible"
2024-09-19,Abidjan Yopougon,Site web,21,5,3,3,Non,""
2024-06-13,San-Pédro Port,Boutique,26,8,4,5,Peut-être,"Attente trop longue"
2024-01-18,Abidjan Yopougon,Téléphone,3,5,3,3,Non,""
2024-07-06,Abidjan Plateau,Boutique,50,6,4,3,Non,""
2024-08-08,Abidjan Plateau,Boutique,48,10,4,5,Oui,""
2024-09-16,Abidjan Yopougon,Boutique,61,7,3,3,Peut-être,""
2024-01-29,Abidjan Plateau,Boutique,55,5,3,2,Non,""
2024-03-11,Abidjan Yopougon,Site web,57,6,3,3,Non,"Prix corrects"
2024-12-04,Abidjan Plateau,Téléphone,43,8,4,4,Peut-être,""
2024-06-28,San-Pédro Port,Site web,48,6,3,3,Non,""
2024-02-06,Abidjan Yopougon,Site web,15,3,1,1,Non,"Service rapide"
2024-06-24,San-Pédro Port,Téléphone,49,8,4,3,Peut-être,"Service rapide"
2024-07-08,Abidjan Yopougon,Commercial,41,4,2,3,Non,"Produit indisponible"
2024-10-17,Bouaké Centre,Boutique,33,8,4,3,Peut-être,""
2024-06-29,Bouaké Centre,Commercial,32,9,4,4,Oui,"Service rapide"
2024-02-22,Abidjan Plateau,Site web,70,10,4,4,Oui,"Service rapide"
2024-06-29,Abidjan Yopougon,Commercial,25,6,2,4,Non,"Conseiller très clair"
2024-09-28,San-Pédro Port,Boutique,13,8,4,5,Peut-être,"Service rapide"
2024-05-05,San-Pédro Port,Commercial,29,9,5,5,Oui,"Rien à signaler"
2024-12-17,Abidjan Yopougon,Site web,33,7,4,3,Peut-être,"Conseiller très clair"
2024-02-15,Abidjan Yopougon,Boutique,19,5,3,2,Non,"Produit indisponible"
2024-11-20,Abidjan Plateau,Site web,6,10,4,5,Oui,"Attente trop longue"
2024-04-03,Abidjan Yopougon,Commercial,2,7,4,3,Peut-être,"Attente trop longue"
2024-08-21,Abidjan Yopougon,Téléphone,50,5,3,3,Non,"Produit indisponible"
2024-11-24,Abidjan Yopougon,Site web,51,4,2,1,Non,"Rien à signaler"
2024-11-05,Abidjan Plateau,Site web,16,6,4,4,Non,"Produit indisponible"
2024-05-22,Bouaké Centre,Site web,10,5,3,2,Non,"Produit indisponible"
2024-03-14,Abidjan Plateau,Site web,64,9,5,5,Oui,"Service rapide"
2024-02-20,Abidjan Plateau,Boutique,67,10,5,4,Oui,"Produit indisponible"
2024-03-26,San-Pédro Port,Commercial,18,7,3,4,Peut-être,"Produit indisponible"
2024-08-28,Abidjan Yopougon,Téléphone,65,3,2,2,Non,"Rien à signaler"
2024-05-05,San-Pédro Port,Commercial,37,8,4,4,Peut-être,""
2024-10-18,Bouaké Centre,Boutique,45,6,4,4,Non,"Conseiller très clair"
2024-09-16,Abidjan Plateau,Commercial,60,8,5,5,Peut-être,"Service rapide"
2024-04-03,Bouaké Centre,Commercial,44,9,4,5,Oui,"Attente trop longue"
2024-11-30,Abidjan Plateau,Boutique,6,9,4,5,Oui,""
2024-05-13,Abidjan Plateau,Site web,33,5,2,2,Non,"Attente trop longue"
2024-01-09,Abidjan Yopougon,Téléphone,45,4,3,2,Non,"Produit indisponible"
2024-12-26,Abidjan Plateau,Site web,21,6,3,2,Non,""
2024-02-12,San-Pédro Port,Site web,62,7,3,4,Peut-être,"Conseiller très clair"
2024-11-06,Abidjan Yopougon,Site web,31,4,2,3,Non,""
2024-02-28,Abidjan Plateau,Site web,15,5,2,2,Non,"Service rapide"
2024-03-29,Bouaké Centre,Commercial,21,6,3,4,Non,"Conseiller très clair"
2024-12-30,San-Pédro Port,Téléphone,21,9,4,5,Oui,"Produit indisponible"
2024-02-16,San-Pédro Port,Boutique,52,6,3,3,Non,"Conseiller très clair"
2024-06-09,San-Pédro Port,Commercial,9,7,4,3,Peut-être,""
2024-08-21,San-Pédro Port,Site web,48,5,2,2,Non,"Produit indisponible"
2024-06-08,San-Pédro Port,Téléphone,20,5,3,3,Non,"Produit indisponible"
2024-04-14,Abidjan Yopougon,Commercial,57,7,3,3,Peut-être,"Service rapide"
2024-01-01,San-Pédro Port,Commercial,19,8,4,3,Peut-être,"Conseiller très clair"
2024-09-30,San-Pédro Port,Commercial,55,6,3,3,Non,"Service rapide"
2024-08-14,Abidjan Yopougon,Boutique,26,4,2,3,Non,""
2024-03-16,San-Pédro Port,Boutique,33,8,5,4,Peut-être,"Conseiller très clair"
2024-09-14,Abidjan Yopougon,Téléphone,37,5,2,2,Non,""
2024-06-15,San-Pédro Port,Site web,11,5,3,3,Non,"Service rapide"
2024-03-25,Bouaké Centre,Boutique,68,6,4,2,Non,""
2024-12-21,Abidjan Yopougon,Boutique,55,3,1,2,Non,"Rien à signaler"
2024-06-27,Abidjan Yopougon,Téléphone,47,6,3,2,Non,"Attente trop longue"
2024-12-13,Abidjan Yopougon,Site web,7,7,3,3,Peut-être,"Produit indisponible"
2024-07-10,Abidjan Plateau,Téléphone,1,9,4,4,Oui,"Service rapide"
2024-07-04,Bouaké Centre,Boutique,60,8,4,5,Peut-être,"Conseiller très clair"
2024-07-05,Abidjan Plateau,Commercial,4,10,5,5,Oui,"Conseiller très clair"
2024-09-28,Bouaké Centre,Boutique,13,6,3,3,Non,"Conseiller très clair"
2024-12-17,Abidjan Yopougon,Site web,16,4,1,2,Non,"Service rapide"
2024-04-21,San-Pédro Port,Boutique,8,9,5,4,Oui,"Attente trop longue"
2024-03-29,Abidjan Plateau,Téléphone,31,7,4,4,Peut-être,"Produit indisponible"
2024-12-17,Abidjan Plateau,Téléphone,51,6,2,4,Non,"Produit indisponible"
2024-03-28,Abidjan Yopougon,Site web,36,3,1,1,Non,""
2024-02-21,San-Pédro Port,Site web,38,8,3,4,Peut-être,"Attente trop longue"
2024-10-11,Abidjan Plateau,Boutique,14,8,3,4,Peut-être,"Service rapide"
2024-02-09,Bouaké Centre,Téléphone,61,5,2,2,Non,""
2024-06-02,San-Pédro Port,Téléphone,3,8,4,5,Peut-être,"Conseiller très clair"
2024-12-14,Abidjan Plateau,Téléphone,27,9,5,5,Oui,"Attente trop longue"
2024-09-04,Abidjan Yopougon,Téléphone,66,7,4,3,Peut-être,"Conseiller très clair"
2024-08-05,Abidjan Plateau,Commercial,71,5,3,3,Non,"Produit indisponible"
2024-03-29,San-Pédro Port,Commercial,18,9,4,4,Oui,""
2024-06-24,Abidjan Plateau,Commercial,36,7,3,3,Peut-être,"Produit indisponible"
2024-06-17,Bouaké Centre,Téléphone,42,9,5,4,Oui,""
2024-03-21,Abidjan Plateau,Site web,53,8,4,4,Peut-être,"Service rapide"
2024-04-04,Abidjan Plateau,Site web,53,8,4,5,Peut-être,"Service rapide"
2024-03-21,Abidjan Yopougon,Commercial,64,3,1,1,Non,"Produit indisponible"
2024-07-15,San-Pédro Port,Site web,63,7,4,3,Peut-être,"Service rapide"
2024-04-27,Abidjan Yopougon,Site web,6,5,2,3,Non,""
2024-08-19,Abidjan Yopougon,Boutique,31,4,1,2,Non,"Service rapide"
2024-06-08,Abidjan Yopougon,Boutique,55,3,1,1,Non,""
2024-01-23,Bouaké Centre,Commercial,5,6,2,3,Non,"Attente trop longue"
2024-12-02,Bouaké Centre,Commercial,22,6,3,3,Non,"Conseiller très clair"
2024-06-16,Abidjan Plateau,Commercial,43,10,5,5,Oui,""
2024-07-13,Abidjan Yopougon,Boutique,71,5,3,2,Non,"Prix corrects"
2024-02-25,San-Pédro Port,Commercial,63,10,5,5,Oui,"Prix corrects"
2024-04-12,Abidjan Yopougon,Boutique,35,7,3,4,Peut-être,""
2024-04-28,Bouaké Centre,Téléphone,64,9,5,4,Oui,""
2024-11-03,Abidjan Yopougon,Commercial,35,5,2,3,Non,"Service rapide"
2024-12-03,Abidjan Plateau,Commercial,72,8,4,3,Peut-être,"Service rapide"
2024-02-04,Abidjan Plateau,Commercial,20,5,2,3,Non,""
2024-12-20,Bouaké Centre,Commercial,37,8,4,4,Peut-être,"Produit indisponible"
2024-01-21,Abidjan Yopougon,Site web,41,6,3,3,Non,"Attente trop longue"
2024-07-19,San-Pédro Port,Commercial,29,9,5,4,Oui,"Service rapide"
2024-01-02,Abidjan Yopougon,Boutique,32,7,4,4,Peut-être,"Prix corrects"
2024-07-15,San-Pédro Port,Boutique,58,8,4,4,Peut-être,"Attente trop longue"
2024-08-20,San-Pédro Port,Téléphone,13,6,4,3,Non,""
2024-05-25,Bouaké Centre,Site web,17,8,4,5,Peut-être,"Rien à signaler"
2024-06-24,Abidjan Yopougon,Commercial,63,6,2,3,Non,"Conseiller très clair"
2024-01-09,Bouaké Centre,Commercial,34,8,4,4,Peut-être,""
2024-12-25,San-Pédro Port,Commercial,60,9,4,4,Oui,""
2024-05-15,Abidjan Plateau,Commercial,55,5,2,2,Non,"Prix corrects"
2024-03-07,Abidjan Yopougon,Téléphone,54,7,4,4,Peut-être,"Rien à signaler"
2024-05-28,Abidjan Plateau,Téléphone,25,6,4,2,Non,"Produit indisponible"
2024-05-02,Abidjan Yopougon,Boutique,62,8,5,4,Peut-être,"Conseiller très clair"
2024-09-22,Bouaké Centre,Téléphone,10,6,4,2,Non,""
2024-04-15,Abidjan Plateau,Commercial,44,8,3,4,Peut-être,""
2024-09-25,Bouaké Centre,Commercial,4,9,4,5,Oui,""
2024-02-28,San-Pédro Port,Téléphone,43,5,3,3,Non,"Service rapide"
2024-11-24,San-Pédro Port,Commercial,33,7,3,3,Peut-être,"Service rapide"
2024-06-10,Abidjan Yopougon,Boutique,1,5,2,3,Non,"Prix corrects"
2024-11-07,San-Pédro Port,Boutique,63,8,4,4,Peut-être,"Conseiller très clair"
2024-03-25,Abidjan Plateau,Site web,47,6,4,2,Non,"Prix corrects"
2024-11-17,Abidjan Yopougon,Téléphone,51,7,4,3,Peut-être,""
2024-03-14,San-Pédro Port,Boutique,55,6,4,4,Non,"Rien à signaler"
2024-01-03,San-Pédro Port,Boutique,69,9,4,4,Oui,"Produit indisponible"
2024-12-09,San-Pédro Port,Site web,12,10,4,4,Oui,"Service rapide"
2024-01-24,Abidjan Plateau,Boutique,68,6,3,2,Non,""
2024-12-07,Abidjan Plateau,Boutique,16,5,3,3,Non,"Service rapide"
2024-07-01,San-Pédro Port,Boutique,22,6,2,3,Non,"Rien à signaler"
2024-04-17,Abidjan Plateau,Commercial,2,9,5,4,Oui,"Service rapide"
2024-03-17,Abidjan Yopougon,Site web,18,7,3,3,Peut-être,"Service rapide"
2024-12-08,Abidjan Plateau,Boutique,70,9,5,4,Oui,"Rien à signaler"
2024-12-11,San-Pédro Port,Commercial,3,9,5,4,Oui,""
2024-07-07,San-Pédro Port,Téléphone,27,6,3,2,Non,""
2024-02-28,Bouaké Centre,Téléphone,25,6,2,3,Non,""
2024-12-16,Abidjan Yopougon,Boutique,59,5,3,3,Non,"Service rapide"
2024-10-31,Abidjan Yopougon,Site web,23,3,2,2,Non,"Rien à signaler"
2024-02-22,Abidjan Plateau,Site web,4,6,4,3,Non,"Produit indisponible"
2024-11-14,Abidjan Plateau,Commercial,50,5,2,2,Non,"Produit indisponible"
2024-10-04,Bouaké Centre,Boutique,68,7,3,3,Peut-être,"Attente trop longue"
2024-07-05,Bouaké Centre,Site web,13,6,4,2,Non,"Attente trop longue"
2024-07-31,Abidjan Plateau,Site web,29,8,3,4,Peut-être,"Conseiller très clair"
2024-11-13,San-Pédro Port,Boutique,65,7,3,3,Peut-être,"Conseiller très clair"
2024-08-08,Abidjan Plateau,Boutique,11,9,4,5,Oui,"Attente trop longue"
2024-11-18,Abidjan Yopougon,Téléphone,54,4,1,2,Non,"Prix corrects"
2024-12-05,Bouaké Centre,Téléphone,72,7,4,4,Peut-être,""
2024-12-16,Abidjan Plateau,Site web,24,5,2,3,Non,"Attente trop longue"
2024-12-19,San-Pédro Port,Commercial,16,9,4,5,Oui,""
2024-09-06,Abidjan Yopougon,Téléphone,52,3,2,2,Non,"Prix corrects"
2024-06-21,Bouaké Centre,Commercial,50,8,5,4,Peut-être,""
2024-01-10,San-Pédro Port,Commercial,52,5,2,2,Non,"Produit indisponible"
2024-12-10,Bouaké Centre,Site web,23,5,3,3,Non,"Attente trop longue"
2024-06-13,Bouaké Centre,Boutique,70,7,4,4,Peut-être,""
2024-04-10,Abidjan Yopougon,Téléphone,9,3,2,2,Non,"Conseiller très clair"
2024-12-25,Bouaké Centre,Boutique,51,6,3,3,Non,"Conseiller très clair"
2024-10-23,Bouaké Centre,Boutique,69,7,3,4,Peut-être,"Produit indisponible"
2024-12-05,Abidjan Yopougon,Commercial,37,8,3,4,Peut-être,"Prix corrects"
2024-07-20,San-Pédro Port,Boutique,34,7,4,3,Peut-être,"Service rapide"
2024-12-15,Abidjan Plateau,Site web,21,10,4,5,Oui,"Attente trop longue"
2024-06-11,Bouaké Centre,Site web,17,7,3,4,Peut-être,"Prix corrects"
2024-01-08,Bouaké Centre,Commercial,16,10,5,4,Oui,"Attente trop longue"
2024-12-05,Bouaké Centre,Téléphone,71,6,2,2,Non,"Attente trop longue"
2024-07-13,San-Pédro Port,Site web,23,6,3,4,Non,"Conseiller très clair"
2024-11-03,San-Pédro Port,Commercial,11,7,3,3,Peut-être,"Attente trop longue"
2024-09-18,San-Pédro Port,Téléphone,14,5,2,2,Non,"Service rapide"
2024-04-30,Abidjan Yopougon,Site web,26,4,3,1,Non,""
2024-04-29,Bouaké Centre,Boutique,42,5,2,3,Non,"Conseiller très clair"
2024-02-01,Abidjan Yopougon,Téléphone,19,5,3,3,Non,"Prix corrects"
2024-11-27,Abidjan Yopougon,Commercial,7,7,3,4,Peut-être,"Produit indisponible"
2024-06-19,Abidjan Yopougon,Site web,37,6,3,3,Non,""
2024-06-15,Abidjan Yopougon,Commercial,72,6,4,3,Non,"Prix corrects"
2024-03-25,Abidjan Yopougon,Téléphone,67,7,3,3,Peut-être,"Prix corrects"
2024-10-02,San-Pédro Port,Commercial,4,7,4,3,Peut-être,"Service rapide"
2024-11-21,Bouaké Centre,Commercial,4,6,4,2,Non,"Rien à signaler"
2024-01-28,Bouaké Centre,Téléphone,50,9,5,5,Oui,"Rien à signaler"
2024-05-03,Abidjan Yopougon,Commercial,21,7,3,3,Peut-être,"Prix corrects"
2024-10-29,Abidjan Plateau,Boutique,59,5,2,3,Non,"Rien à signaler"
2024-12-09,Bouaké Centre,Commercial,70,8,4,4,Peut-être,"Produit indisponible"
2024-08-20,Abidjan Yopougon,Site web,53,4,2,2,Non,"Attente trop longue"
2024-07-11,Abidjan Yopougon,Site web,59,5,2,3,Non,""
2024-11-11,San-Pédro Port,Boutique,34,7,3,3,Peut-être,"Produit indisponible"
2024-11-12,San-Pédro Port,Site web,63,5,2,2,Non,"Conseiller très clair"
2024-03-26,San-Pédro Port,Site web,58,8,3,5,Peut-être,"Rien à signaler"
2024-08-30,Bouaké Centre,Site web,35,7,3,4,Peut-être,""
2024-09-27,Abidjan Yopougon,Boutique,53,6,2,3,Non,"Produit indisponible"
2024-08-26,Abidjan Plateau,Commercial,13,8,5,4,Peut-être,""
2024-05-19,San-Pédro Port,Boutique,49,9,4,4,Oui,"Attente trop longue"
2024-04-05,Abidjan Plateau,Boutique,32,8,4,4,Peut-être,"Conseiller très clair"
2024-06-16,San-Pédro Port,Site web,10,6,4,4,Non,"Rien à signaler"
2024-07-20,Abidjan Yopougon,Site web,14,7,3,3,Peut-être,"Conseiller très clair"
2024-12-26,San-Pédro Port,Boutique,40,8,3,3,Peut-être,"Rien à signaler"
2024-02-04,San-Pédro Port,Téléphone,12,6,4,3,Non,"Service rapide"
2024-12-19,Bouaké Centre,Commercial,39,6,4,2,Non,"Attente trop longue"
2024-04-24,Abidjan Yopougon,Téléphone,6,3,1,2,Non,"Conseiller très clair"
2024-06-12,Abidjan Yopougon,Boutique,61,5,3,3,Non,"Conseiller très clair"
2024-12-01,Bouaké Centre,Téléphone,15,9,5,4,Oui,"Prix corrects"
2024-09-25,Abidjan Plateau,Téléphone,3,7,3,3,Peut-être,"Conseiller très clair"
2024-07-31,Bouaké Centre,Boutique,44,8,3,4,Peut-être,"Conseiller très clair"
2024-12-08,Abidjan Yopougon,Site web,2,4,1,1,Non,"Service rapide"
2024-05-28,Abidjan Plateau,Site web,9,7,3,3,Peut-être,"Service rapide"
2024-04-02,Abidjan Yopougon,Boutique,11,3,1,2,Non,"Conseiller très clair"
2024-05-31,Abidjan Yopougon,Téléphone,7,3,2,2,Non,"Attente trop longue"
2024-06-18,Bouaké Centre,Commercial,17,5,3,3,Non,"Conseiller très clair"
2024-10-01,Abidjan Yopougon,Boutique,72,3,1,2,Non,"Conseiller très clair"
2024-03-22,Abidjan Yopougon,Boutique,32,3,1,1,Non,"Rien à signaler"
2024-08-28,San-Pédro Port,Commercial,55,9,4,5,Oui,"Prix corrects"
2024-02-03,Abidjan Yopougon,Site web,7,4,2,2,Non,"Conseiller très clair"
2024-06-19,Abidjan Plateau,Boutique,21,6,3,2,Non,"Prix corrects"
2024-02-29,San-Pédro Port,Commercial,48,8,3,4,Peut-être,"Prix corrects"
2024-11-04,Abidjan Plateau,Commercial,46,7,4,4,Peut-être,"Rien à signaler"
2024-07-24,Bouaké Centre,Téléphone,15,6,2,2,Non,""
2024-07-17,Bouaké Centre,Téléphone,12,9,5,4,Oui,"Attente trop longue"
2024-06-02,San-Pédro Port,Boutique,10,7,4,3,Peut-être,""
2024-05-17,Abidjan Plateau,Téléphone,64,7,4,3,Peut-être,""
2024-09-01,Bouaké Centre,Boutique,9,8,5,4,Peut-être,""
2024-02-24,Bouaké Centre,Boutique,32,8,4,4,Peut-être,"Prix corrects"
2024-03-11,Abidjan Plateau,Commercial,70,10,5,4,Oui,""
2024-01-04,Abidjan Plateau,Site web,26,6,3,3,Non,"Rien à signaler"
2024-11-07,San-Pédro Port,Boutique,68,9,5,5,Oui,"Rien à signaler"
2024-03-07,Abidjan Plateau,Boutique,49,8,4,3,Peut-être,"Prix corrects"
2024-09-30,Abidjan Yopougon,Commercial,7,7,4,4,Peut-être,"Service rapide"
2024-10-26,Abidjan Yopougon,Site web,57,4,2,3,Non,"Rien à signaler"
2024-06-29,San-Pédro Port,Boutique,24,9,5,4,Oui,"Service rapide"
2024-06-28,San-Pédro Port,Téléphone,22,5,2,3,Non,"Attente trop longue"
2024-07-02,Abidjan Yopougon,Boutique,28,4,2,2,Non,"Attente trop longue"
2024-04-09,Bouaké Centre,Boutique,40,5,3,2,Non,"Prix corrects"
2024-07-13,San-Pédro Port,Téléphone,41,9,5,4,Oui,""
2024-02-04,San-Pédro Port,Site web,27,6,2,3,Non,"Produit indisponible"
2024-06-19,Abidjan Plateau,Boutique,24,6,3,3,Non,"Attente trop longue"
2024-03-21,Bouaké Centre,Boutique,11,7,3,3,Peut-être,"Prix corrects"
2024-12-22,Abidjan Plateau,Boutique,23,8,4,4,Peut-être,"Produit indisponible"
2024-01-28,Abidjan Yopougon,Site web,65,7,4,3,Peut-être,"Conseiller très clair"
2024-04-05,Bouaké Centre,Téléphone,55,9,4,4,Oui,"Service rapide"
2024-03-10,Bouaké Centre,Commercial,10,7,3,3,Peut-être,""
2024-01-06,Abidjan Plateau,Site web,58,9,5,5,Oui,"Service rapide"
2024-03-12,San-Pédro Port,Téléphone,47,7,3,3,Peut-être,"Rien à signaler"
2024-11-12,Bouaké Centre,Commercial,70,7,3,3,Peut-être,"Produit indisponible"
2024-01-04,Abidjan Plateau,Téléphone,10,7,3,3,Peut-être,"Rien à signaler"
2024-11-12,Bouaké Centre,Boutique,50,6,3,3,Non,"Rien à signaler"
2024-04-03,Abidjan Yopougon,Commercial,11,7,3,4,Peut-être,"Produit indisponible"
2024-05-19,Abidjan Plateau,Téléphone,61,6,2,2,Non,"Produit indisponible"
2024-08-28,San-Pédro Port,Téléphone,3,9,4,5,Oui,"Prix corrects"
2024-04-20,Abidjan Plateau,Téléphone,20,7,4,3,Peut-être,""
2024-02-01,Abidjan Yopougon,Téléphone,43,4,1,2,Non,"Prix corrects"
2024-02-16,Abidjan Yopougon,Commercial,70,4,2,2,Non,""
2024-08-10,Bouaké Centre,Commercial,42,6,4,3,Non,""
2024-09-28,Bouaké Centre,Site web,46,5,3,2,Non,""
2024-01-20,San-Pédro Port,Commercial,12,10,5,5,Oui,"Prix corrects"
2024-02-20,Bouaké Centre,Téléphone,23,7,3,4,Peut-être,"Service rapide"
2024-11-25,San-Pédro Port,Site web,3,6,4,3,Non,"Service rapide"
2024-05-30,Bouaké Centre,Commercial,40,5,2,3,Non,""
2024-03-19,San-Pédro Port,Commercial,53,9,5,4,Oui,"Prix corrects"
2024-06-02,Abidjan Yopougon,Téléphone,17,5,2,2,Non,"Conseiller très clair"
2024-08-14,Abidjan Plateau,Téléphone,4,8,4,5,Peut-être,"Service rapide"
2024-07-21,Abidjan Plateau,Site web,19,6,2,4,Non,"Conseiller très clair"
2024-04-17,San-Pédro Port,Téléphone,5,10,5,5,Oui,"Service rapide"
2024-10-05,San-Pédro Port,Téléphone,32,5,3,3,Non,"Prix corrects"
2024-01-13,Abidjan Yopougon,Commercial,59,5,2,3,Non,"Produit indisponible"
2024-06-09,San-Pédro Port,Site web,26,6,4,4,Non,"Attente trop longue"
2024-07-12,Abidjan Plateau,Site web,49,7,4,4,Peut-être,"Attente trop longue"
2024-07-13,Abidjan Plateau,Boutique,41,5,3,2,Non,"Conseiller très clair"
2024-12-18,San-Pédro Port,Commercial,34,5,2,2,Non,""
2024-08-14,Abidjan Yopougon,Commercial,72,3,2,1,Non,"Prix corrects"
2024-07-10,San-Pédro Port,Commercial,30,6,3,2,Non,""
2024-06-09,Bouaké Centre,Commercial,56,10,4,5,Oui,""
2024-04-13,San-Pédro Port,Commercial,43,7,4,3,Peut-être,"Produit indisponible"
2024-01-09,Abidjan Plateau,Site web,57,6,3,4,Non,"Conseiller très clair"
2024-06-27,San-Pédro Port,Boutique,19,6,3,2,Non,"Attente trop longue"
2024-07-12,Abidjan Plateau,Boutique,69,7,4,3,Peut-être,"Prix corrects"
2024-07-06,San-Pédro Port,Commercial,39,9,4,4,Oui,"Produit indisponible"
2024-04-23,Bouaké Centre,Téléphone,24,8,4,5,Peut-être,"Produit indisponible"
2024-03-03,Abidjan Yopougon,Site web,17,4,3,2,Non,"Service rapide"
2024-03-28,Abidjan Plateau,Boutique,2,8,3,4,Peut-être,""
2024-05-23,Bouaké Centre,Commercial,31,7,3,3,Peut-être,""
2024-08-14,San-Pédro Port,Téléphone,53,7,4,3,Peut-être,"Rien à signaler"
2024-05-08,Abidjan Plateau,Boutique,43,10,5,5,Oui,"Produit indisponible"
2024-01-29,Bouaké Centre,Téléphone,35,6,3,2,Non,"Attente trop longue"
2024-10-28,San-Pédro Port,Site web,13,10,5,4,Oui,"Attente trop longue"
2024-06-15,Abidjan Plateau,Commercial,14,7,4,4,Peut-être,"Attente trop longue"
2024-06-08,Abidjan Yopougon,Boutique,6,3,1,1,Non,"Rien à signaler"
2024-11-23,San-Pédro Port,Site web,26,8,4,5,Peut-être,"Rien à signaler"
2024-11-08,Bouaké Centre,Boutique,36,6,2,4,Non,"Produit indisponible"
2024-11-20,Bouaké Centre,Boutique,49,7,4,4,Peut-être,"Conseiller très clair"
2024-07-31,Abidjan Plateau,Commercial,22,7,3,3,Peut-être,"Produit indisponible"
2024-05-31,Bouaké Centre,Commercial,5,5,2,2,Non,""
2024-01-24,San-Pédro Port,Boutique,55,9,5,5,Oui,"Conseiller très clair"
2024-12-30,San-Pédro Port,Site web,57,8,3,4,Peut-être,"Produit indisponible"
2024-01-05,Abidjan Yopougon,Commercial,21,6,3,3,Non,""
2024-07-27,San-Pédro Port,Commercial,17,9,4,5,Oui,"Rien à signaler"
2024-10-08,Abidjan Plateau,Téléphone,31,9,4,4,Oui,"Attente trop longue"
2024-07-30,Abidjan Plateau,Commercial,50,8,3,3,Peut-être,"Attente trop longue"
2024-10-27,San-Pédro Port,Commercial,30,6,4,2,Non,"Prix corrects"
2024-04-29,Abidjan Plateau,Commercial,14,9,5,4,Oui,"Rien à signaler"
2024-08-20,Abidjan Yopougon,Site web,25,7,3,4,Peut-être,"Conseiller très clair"
2024-05-10,San-Pédro Port,Téléphone,2,7,4,4,Peut-être,"Produit indisponible"
2024-08-24,Abidjan Plateau,Boutique,45,7,3,4,Peut-être,"Prix corrects"
2024-02-22,San-Pédro Port,Commercial,62,5,2,3,Non,""
2024-10-27,Abidjan Plateau,Téléphone,26,6,3,3,Non,"Rien à signaler"
2024-05-13,Abidjan Yopougon,Boutique,3,7,4,4,Peut-être,"Produit indisponible"
2024-10-09,Abidjan Yopougon,Téléphone,51,7,3,3,Peut-être,"Produit indisponible"
2024-02-21,San-Pédro Port,Boutique,24,7,4,4,Peut-être,"Rien à signaler"
2024-11-24,Bouaké Centre,Site web,33,7,4,3,Peut-être,"Produit indisponible"
2024-06-03,Abidjan Plateau,Téléphone,47,8,4,5,Peut-être,"Produit indisponible"
2024-02-25,Abidjan Plateau,Commercial,15,7,3,4,Peut-être,"Rien à signaler"
2024-06-27,Abidjan Plateau,Téléphone,34,9,5,4,Oui,"Produit indisponible"
2024-05-22,San-Pédro Port,Commercial,3,8,3,5,Peut-être,"Rien à signaler"
2024-08-22,Bouaké Centre,Boutique,69,8,4,3,Peut-être,"Service rapide"
2024-12-07,Bouaké Centre,Téléphone,20,7,4,3,Peut-être,"Conseiller très clair"
2024-07-13,Abidjan Yopougon,Site web,33,5,3,3,Non,""
2024-12-25,San-Pédro Port,Téléphone,70,7,4,4,Peut-être,"Service rapide"
2024-12-18,Bouaké Centre,Téléphone,43,5,2,3,Non,"Service rapide"
2024-10-26,Bouaké Centre,Téléphone,68,8,5,4,Peut-être,"Prix corrects"
2024-06-06,Bouaké Centre,Commercial,44,9,5,5,Oui,""
2024-07-24,Abidjan Plateau,Site web,52,6,4,2,Non,"Produit indisponible"
2024-06-12,Abidjan Plateau,Site web,61,6,4,3,Non,"Service rapide"
2024-11-25,San-Pédro Port,Site web,26,9,4,4,Oui,"Service rapide"
2024-11-15,Abidjan Plateau,Téléphone,55,8,5,3,Peut-être,"Produit indisponible"
2024-04-27,San-Pédro Port,Boutique,11,7,4,4,Peut-être,""
2024-07-22,Bouaké Centre,Téléphone,56,6,3,3,Non,"Service rapide"
2024-06-07,Bouaké Centre,Commercial,17,6,3,3,Non,"Attente trop longue"
2024-09-29,Abidjan Plateau,Commercial,43,8,3,3,Peut-être,"Rien à signaler"
2024-09-07,Abidjan Plateau,Téléphone,50,6,2,3,Non,""
2024-10-11,Abidjan Plateau,Site web,24,9,4,4,Oui,""
2024-06-27,Bouaké Centre,Site web,72,8,3,5,Peut-être,"Rien à signaler"
2024-07-11,Abidjan Plateau,Boutique,63,7,4,3,Peut-être,"Service rapide"
2024-09-28,Abidjan Yopougon,Commercial,57,5,3,3,Non,"Prix corrects"
2024-01-07,Bouaké Centre,Boutique,49,5,2,3,Non,"Produit indisponible"
2024-06-27,Abidjan Plateau,Commercial,71,10,5,5,Oui,"Prix corrects"
2024-06-12,Abidjan Plateau,Site web,29,8,5,5,Peut-être,"Attente trop longue"
2024-12-09,Bouaké Centre,Site web,24,8,4,4,Peut-être,"Attente trop longue"
2024-11-15,Bouaké Centre,Site web,13,8,5,3,Peut-être,""
2024-10-14,Abidjan Yopougon,Téléphone,55,5,2,3,Non,"Conseiller très clair"
2024-10-22,San-Pédro Port,Boutique,13,6,4,4,Non,""
2024-03-31,Abidjan Yopougon,Téléphone,35,3,1,1,Non,"Produit indisponible"
2024-06-18,San-Pédro Port,Téléphone,70,9,4,4,Oui,"Rien à signaler"
2024-12-25,Abidjan Yopougon,Boutique,26,7,4,4,Peut-être,"Conseiller très clair"
2024-12-15,San-Pédro Port,Téléphone,38,10,5,5,Oui,"Prix corrects"
2024-03-16,Abidjan Plateau,Commercial,67,8,4,4,Peut-être,"Rien à signaler"
2024-01-09,Bouaké Centre,Site web,59,6,2,4,Non,"Attente trop longue"
2024-02-11,Abidjan Yopougon,Boutique,23,4,2,3,Non,"Produit indisponible"
2024-09-18,San-Pédro Port,Commercial,42,6,3,2,Non,"Produit indisponible"
2024-04-20,Abidjan Yopougon,Site web,11,4,3,2,Non,""
2024-12-14,Abidjan Yopougon,Commercial,72,3,2,2,Non,"Prix corrects"
2024-09-26,Abidjan Plateau,Commercial,38,8,5,3,Peut-être,""
2024-11-05,Bouaké Centre,Téléphone,14,7,4,4,Peut-être,""
2024-05-16,San-Pédro Port,Téléphone,4,9,4,4,Oui,"Produit indisponible"
2024-05-22,Abidjan Plateau,Commercial,50,8,5,4,Peut-être,"Prix corrects"
2024-11-12,San-Pédro Port,Commercial,24,6,3,2,Non,"Rien à signaler"
2024-04-24,Bouaké Centre,Commercial,52,9,4,5,Oui,"Attente trop longue"
2024-03-21,Abidjan Plateau,Commercial,43,8,4,4,Peut-être,"Prix corrects"
2024-03-09,Abidjan Plateau,Boutique,4,6,4,4,Non,""
2024-04-29,Abidjan Yopougon,Site web,30,6,3,3,Non,"Conseiller très clair"
2024-06-21,Abidjan Plateau,Commercial,15,8,4,5,Peut-être,"Rien à signaler"
2024-12-11,San-Pédro Port,Téléphone,64,5,3,3,Non,"Rien à signaler"
2024-01-02,Abidjan Yopougon,Boutique,9,5,2,2,Non,"Produit indisponible"
2024-01-13,San-Pédro Port,Site web,35,9,4,5,Oui,"Rien à signaler"
2024-01-30,Abidjan Yopougon,Boutique,35,6,2,3,Non,""
2024-06-24,Abidjan Yopougon,Boutique,23,4,3,2,Non,"Service rapide"
2024-01-05,San-Pédro Port,Site web,31,8,4,3,Peut-être,"Prix corrects"
2024-04-26,Abidjan Plateau,Boutique,43,9,4,4,Oui,"Attente trop longue"
2024-01-16,San-Pédro Port,Téléphone,55,5,3,2,Non,"Service rapide"
2024-12-03,San-Pédro Port,Boutique,20,10,5,5,Oui,"Conseiller très clair"
2024-01-02,Bouaké Centre,Commercial,15,6,2,4,Non,"Rien à signaler"
2024-07-26,San-Pédro Port,Commercial,5,7,3,3,Peut-être,"Rien à signaler"
2024-01-04,Abidjan Yopougon,Boutique,11,7,4,4,Peut-être,"Service rapide"
2024-04-07,San-Pédro Port,Site web,18,8,4,4,Peut-être,"Service rapide"
2024-07-14,Abidjan Yopougon,Commercial,63,5,3,3,Non,""
2024-08-07,Abidjan Plateau,Site web,38,5,2,2,Non,"Attente trop longue"
2024-03-12,Abidjan Plateau,Boutique,64,8,5,4,Peut-être,"Service rapide"
2024-08-30,Abidjan Plateau,Site web,5,7,4,4,Peut-être,""
2024-10-01,Bouaké Centre,Site web,59,10,4,5,Oui,"Rien à signaler"
2024-10-26,Abidjan Yopougon,Téléphone,14,7,3,4,Peut-être,"Prix corrects"
2024-11-21,Abidjan Plateau,Site web,12,7,3,4,Peut-être,"Service rapide"
2024-11-22,Bouaké Centre,Commercial,26,8,3,3,Peut-être,"Service rapide"
2024-06-23,Abidjan Yopougon,Boutique,51,8,4,4,Peut-être,"Prix corrects"
2024-05-05,Abidjan Plateau,Boutique,27,6,4,3,Non,"Conseiller très clair"
2024-11-05,Bouaké Centre,Commercial,51,9,4,5,Oui,"Rien à signaler"
2024-06-14,Abidjan Plateau,Téléphone,50,7,4,4,Peut-être,"Conseiller très clair"
2024-11-20,Bouaké Centre,Commercial,59,7,3,4,Peut-être,"Rien à signaler"
2024-12-19,Abidjan Plateau,Site web,11,8,5,4,Peut-être,"Prix corrects"
2024-08-01,Bouaké Centre,Téléphone,8,7,4,4,Peut-être,"Conseiller très clair"
2024-08-16,San-Pédro Port,Commercial,35,6,4,4,Non,"Attente trop longue"
2024-06-02,Abidjan Plateau,Téléphone,24,9,5,4,Oui,"Service rapide"
2024-05-07,Abidjan Yopougon,Boutique,42,8,5,4,Peut-être,"Produit indisponible"
2024-08-20,Bouaké Centre,Téléphone,68,6,4,3,Non,"Produit indisponible"
2024-06-13,Bouaké Centre,Site web,68,9,4,5,Oui,"Produit indisponible"
2024-05-16,Abidjan Plateau,Téléphone,71,6,2,4,Non,"Conseiller très clair"
2024-09-28,Abidjan Yopougon,Téléphone,29,5,3,3,Non,"Rien à signaler"
2024-03-07,Abidjan Yopougon,Commercial,62,7,3,4,Peut-être,"Service rapide"
2024-09-24,Abidjan Yopougon,Téléphone,56,3,2,1,Non,"Produit indisponible"
2024-06-27,San-Pédro Port,Commercial,35,6,3,2,Non,"Produit indisponible"
2024-04-01,Bouaké Centre,Boutique,41,5,2,3,Non,"Attente trop longue"
2024-01-04,San-Pédro Port,Site web,72,9,4,5,Oui,""
2024-09-17,Abidjan Yopougon,Commercial,24,5,2,2,Non,""
2024-02-10,Abidjan Plateau,Boutique,11,9,5,4,Oui,"Prix corrects"
2024-12-23,Abidjan Yopougon,Téléphone,25,5,2,2,Non,"Rien à signaler"
2024-12-23,Bouaké Centre,Site web,61,6,2,3,Non,"Produit indisponible"
2024-07-12,Bouaké Centre,Commercial,39,6,3,3,Non,""
2024-10-04,Abidjan Plateau,Commercial,59,9,4,4,Oui,"Prix corrects"
2024-06-13,Abidjan Yopougon,Boutique,30,5,3,3,Non,"Rien à signaler"
2024-10-06,Abidjan Plateau,Commercial,71,9,4,4,Oui,"Service rapide"
2024-05-31,Abidjan Plateau,Commercial,40,7,3,3,Peut-être,"Rien à signaler"
2024-11-15,Bouaké Centre,Téléphone,45,8,4,3,Peut-être,"Prix corrects"
2024-09-05,San-Pédro Port,Boutique,10,6,4,4,Non,"Service rapide"
2024-06-10,Abidjan Plateau,Boutique,56,9,5,4,Oui,"Rien à signaler"
2024-07-17,Bouaké Centre,Commercial,3,6,2,3,Non,""
2024-12-08,Abidjan Plateau,Commercial,63,5,2,2,Non,""
2024-10-21,Bouaké Centre,Site web,61,6,2,4,Non,"Conseiller très clair"
2024-12-27,San-Pédro Port,Téléphone,28,7,3,4,Peut-être,""
2024-09-20,San-Pédro Port,Site web,52,10,4,4,Oui,"Prix corrects"
2024-06-20,Abidjan Yopougon,Commercial,50,7,3,4,Peut-être,"Service rapide"
2024-02-19,Abidjan Yopougon,Boutique,53,6,4,2,Non,""
2024-12-30,Abidjan Yopougon,Commercial,19,6,3,3,Non,""
2024-01-09,Abidjan Plateau,Site web,69,7,4,4,Peut-être,"Rien à signaler"
2024-01-18,San-Pédro Port,Boutique,43,6,3,2,Non,"Produit indisponible"
2024-11-25,Abidjan Yopougon,Boutique,2,3,1,1,Non,"Rien à signaler"
2024-04-04,San-Pédro Port,Boutique,52,5,3,2,Non,"Conseiller très clair"
2024-10-03,San-Pédro Port,Boutique,70,9,4,4,Oui,"Attente trop longue"
2024-03-17,San-Pédro Port,Commercial,36,6,3,2,Non,"Rien à signaler"
2024-09-11,Abidjan Yopougon,Boutique,41,5,2,2,Non,"Service rapide"
2024-12-03,San-Pédro Port,Boutique,62,6,2,3,Non,"Prix corrects"
2024-05-10,Abidjan Yopougon,Téléphone,29,4,2,2,Non,"Conseiller très clair"
2024-10-26,Abidjan Yopougon,Commercial,34,7,3,3,Peut-être,"Produit indisponible"
2024-12-05,Abidjan Yopougon,Commercial,30,8,3,3,Peut-être,"Attente trop longue"
2024-12-04,San-Pédro Port,Site web,30,8,4,4,Peut-être,"Conseiller très clair"
2024-05-16,Bouaké Centre,Commercial,60,7,4,4,Peut-être,"Produit indisponible"
2024-08-21,San-Pédro Port,Commercial,5,9,4,4,Oui,"Attente trop longue"
2024-04-03,San-Pédro Port,Boutique,62,7,4,4,Peut-être,"Prix corrects"
2024-03-20,Abidjan Plateau,Boutique,20,8,5,4,Peut-être,"Service rapide"
2024-01-05,San-Pédro Port,Téléphone,17,6,4,4,Non,"Conseiller très clair"
2024-06-18,Bouaké Centre,Site web,2,6,3,2,Non,"Conseiller très clair"
2024-11-18,San-Pédro Port,Commercial,58,7,4,3,Peut-être,"Service rapide"
2024-01-11,Abidjan Plateau,Téléphone,26,8,3,3,Peut-être,"Attente trop longue"
2024-03-04,Abidjan Yopougon,Commercial,36,4,2,3,Non,"Conseiller très clair"
2024-12-11,Bouaké Centre,Site web,11,8,3,4,Peut-être,"Service rapide"
2024-08-04,Abidjan Plateau,Téléphone,15,10,5,5,Oui,""
2024-10-07,Abidjan Plateau,Boutique,64,9,4,5,Oui,"Attente trop longue"
2024-04-05,Abidjan Plateau,Téléphone,11,10,5,5,Oui,"Prix corrects"
2024-01-17,Abidjan Plateau,Site web,52,6,2,3,Non,"Attente trop longue"
2024-11-01,Bouaké Centre,Commercial,58,6,3,3,Non,"Conseiller très clair"
2024-09-30,Bouaké Centre,Téléphone,62,8,4,3,Peut-être,"Attente trop longue"
2024-05-24,Abidjan Plateau,Boutique,55,9,4,4,Oui,""
2024-01-06,San-Pédro Port,Téléphone,33,7,3,4,Peut-être,""
